{"cameraMode":{"drawMode":0,"name":"Shaded","section":"Shading Mode"},"sceneLighting":false,"audioPlay":false,"sceneViewState":{"m_AlwaysRefresh":false,"showFog":true,"showSkybox":false,"showFlares":true,"showImageEffects":true,"showParticleSystems":true,"showVisualEffectGraphs":true,"m_FxEnabled":true},"in2DMode":false,"pivot":{"x":0.9700000286102295,"y":3.0899999141693117,"z":-7.699999809265137},"rotation":{"x":0.0011429968290030957,"y":0.9882906079292297,"z":-0.15239959955215455,"w":0.007412304170429707},"size":0.6823155283927918,"orthographic":true}