{"cameraMode":{"drawMode":0,"name":"Shaded","section":"Shading Mode"},"sceneLighting":true,"audioPlay":false,"sceneViewState":{"m_AlwaysRefresh":false,"showFog":true,"showSkybox":true,"showFlares":true,"showImageEffects":true,"showParticleSystems":true,"showVisualEffectGraphs":true,"m_FxEnabled":true},"in2DMode":false,"pivot":{"x":185.20361328125,"y":-37.229942321777347,"z":-3.564422607421875},"rotation":{"x":0.25511589646339419,"y":-0.01479316409677267,"z":0.0039033929351717235,"w":0.9667907357215881},"size":53.797691345214847,"orthographic":true}