{"cameraMode":{"drawMode":0,"name":"Shaded","section":"Shading Mode"},"sceneLighting":false,"audioPlay":false,"sceneViewState":{"m_AlwaysRefresh":false,"showFog":true,"showSkybox":false,"showFlares":true,"showImageEffects":true,"showParticleSystems":true,"showVisualEffectGraphs":true,"m_FxEnabled":true},"in2DMode":false,"pivot":{"x":0.9700000286102295,"y":2.109999895095825,"z":-8.520000457763672},"rotation":{"x":-0.050410304218530658,"y":-0.9140785336494446,"z":0.11996757239103317,"w":-0.38410261273384097},"size":1.9234811067581177,"orthographic":true}