{"cameraMode":{"drawMode":0,"name":"Shaded","section":"Shading Mode"},"sceneLighting":false,"audioPlay":false,"sceneViewState":{"m_AlwaysRefresh":false,"showFog":true,"showSkybox":false,"showFlares":true,"showImageEffects":true,"showParticleSystems":true,"showVisualEffectGraphs":true,"m_FxEnabled":true},"in2DMode":false,"pivot":{"x":-2.811656951904297,"y":10.101849555969239,"z":29.004798889160158},"rotation":{"x":0.000522703630849719,"y":0.9952764511108398,"z":-0.09704461693763733,"w":0.005371307488530874},"size":1.958876132965088,"orthographic":true}