{"cameraMode":{"drawMode":0,"name":"Shaded","section":"Shading Mode"},"sceneLighting":false,"audioPlay":false,"sceneViewState":{"m_AlwaysRefresh":false,"showFog":true,"showSkybox":false,"showFlares":true,"showImageEffects":true,"showParticleSystems":true,"showVisualEffectGraphs":true,"m_FxEnabled":true},"in2DMode":false,"pivot":{"x":20.59613037109375,"y":-0.1693035364151001,"z":49.26162338256836},"rotation":{"x":-0.1206529513001442,"y":0.06367896497249603,"z":-0.007756086997687817,"w":-0.9906247854232788},"size":1.9931050539016724,"orthographic":true}